zeta值,数据类型,时间成本,金钱成本
15,T_max,39.1395115562428,2
15,T_max,34.9348701194641,15
15,T_max,29.065009778372,20
